<?xml version="1.0" encoding="UTF-8"?>

<channel name="thunar" version="1.0">
  <property name="last-view" type="string" value="ThunarDetailsView"/>
  <property name="last-location-bar" type="string" value="ThunarLocationEntry"/>
  <property name="last-icon-view-zoom-level" type="string" value="THUNAR_ZOOM_LEVEL_100_PERCENT"/>
  <property name="misc-single-click" type="bool" value="false"/>
  <property name="default-view" type="string" value="ThunarDetailsView"/>
  <property name="misc-thumbnail-mode" type="string" value="THUNAR_THUMBNAIL_MODE_ALWAYS"/>
  <property name="last-show-hidden" type="bool" value="true"/>
  <property name="last-details-view-zoom-level" type="string" value="THUNAR_ZOOM_LEVEL_38_PERCENT"/>
  <property name="last-details-view-column-widths" type="string" value="50,136,50,50,216,50,50,72,50,139"/>
  <property name="last-window-width" type="int" value="710"/>
  <property name="last-window-height" type="int" value="839"/>
  <property name="last-window-maximized" type="bool" value="false"/>
  <property name="last-separator-position" type="int" value="170"/>
  <property name="last-sort-column" type="string" value="THUNAR_COLUMN_NAME"/>
  <property name="last-sort-order" type="string" value="GTK_SORT_ASCENDING"/>
</channel>
