<?xml version="1.0" encoding="UTF-8"?>

<channel name="xfce4-desktop" version="1.0">
  <property name="backdrop" type="empty">
    <property name="screen0" type="empty">
      <property name="monitorrdp0" type="empty">
        <property name="workspace0" type="empty">
          <property name="color-style" type="int" value="0"/>
          <property name="image-style" type="int" value="0"/>
          <property name="last-image" type="string" value="/usr/share/backgrounds/xfce/xfce-stripes.png"/>
          <property name="rgba1" type="array">
            <value type="double" value="0.274510"/>
            <value type="double" value="0.509804"/>
            <value type="double" value="0.705882"/>
            <value type="double" value="1.000000"/>
          </property>
        </property>
        <property name="workspace1" type="empty">
          <property name="color-style" type="int" value="0"/>
          <property name="image-style" type="int" value="5"/>
          <property name="last-image" type="string" value="/usr/share/backgrounds/xfce/xfce-stripes.png"/>
        </property>
        <property name="workspace2" type="empty">
          <property name="color-style" type="int" value="0"/>
          <property name="image-style" type="int" value="5"/>
          <property name="last-image" type="string" value="/usr/share/backgrounds/xfce/xfce-stripes.png"/>
        </property>
        <property name="workspace3" type="empty">
          <property name="color-style" type="int" value="0"/>
          <property name="image-style" type="int" value="5"/>
          <property name="last-image" type="string" value="/usr/share/backgrounds/xfce/xfce-stripes.png"/>
        </property>
      </property>
    </property>
  </property>
  <property name="last" type="empty">
    <property name="window-width" type="int" value="628"/>
    <property name="window-height" type="int" value="594"/>
  </property>
</channel>
